Item,Quantity,Low unit (KES),High unit (KES),Low total (KES),High total (KES),Where to buy,Notes
Trousers (khaki import),20,650,800,13000,16000,"Eastleigh WAAMO Mall; Jiji Eastleigh wholesale",KSh650 quote from WAAMO; KSh800 soft khaki wholesale
Trousers (official),20,1000,1200,20000,24000,"Beba Beba Trade Centre; RNG Plaza; Beaver House; Superior Centre",Buy all 20 here for wholesale bracket
Trousers (new jeans),20,1400,1500,28000,30000,Jiji city centre physical shops M5,Most expensive option
Shirts (plain official new),15,500,600,7500,9000,"Eastleigh Salama Shopping Mall",KSh500 wholesale quoted r/nairobi Mar 2026
Shirts (casual new),15,400,600,6000,9000,Eastleigh / River Road,Printed and casual styles cheaper
Shirts (linen),15,800,1200,12000,18000,Salama House Luthuli Ave,Better quality tier
Caps (New Era style),10,250,300,2500,3000,"Kamukunji Jubilee Complex Shop G8",Wholesale KSh250 retail KSh350
Caps (plain bulk),10,170,250,1700,2500,Jiji bulk listings Nairobi Central,Cheapest cap option
Caps (bucket hats),10,400,400,4000,4000,"Kamukunji Jubilee Complex G8",Premium cap option
Plain polo t-shirts (if wanted),50,200,350,10000,17500,"Extreme T-shirt Warehouse Workshop Rd Gate 4 Industrial Area",MOQ 50; free delivery over 300pcs
,,,,,,
TIER A - BUDGET NEW (trousers650+shirts450+caps200),45,,,21750,,= $168 at KSh130
TIER B - STANDARD NEW (trousers800+shirts600+caps250),45,,,27500,,= $212 at KSh130 RECOMMENDED
TIER C - BETTER QUALITY NEW (trousers1200+shirts800+caps350),45,,,39500,,= $304 at KSh130
,,,,,,
TRIP COSTS,,,,,,
Flight Entebbe-Nairobi return (or bus 40-70),1,200,350,200,350,USD,Book early
Hotel 2 nights at 15-20 USD,2,15,20,30,40,Ngara / eastern CBD,Ask for quiet room + luggage store
Airport transfers,1,15,25,15,25,USD,Uber/Bolt
Local transport - Eastleigh KSh200-400 per trip,1,10,20,10,20,USD,Boda or Uber from CBD
Meals 2 days,1,10,16,10,16,USD,
Kenyan SIM + data,1,2,5,2,5,USD,
Freight goods to Kampala,1,5,15,5,15,USD,Bus-line parcel service - get waybill
TRIP SUBTOTAL (air),,,,,277,476,USD,
TRIP SUBTOTAL (bus),,,,,102,171,USD,
,,,,,,
CUSTOMS RISK (new clothing = high risk of commercial assessment),,,,,,,
Duty on Tier A stock (KSh21750): 35% duty + 18% VAT,,,,0,100,USD,Worst case
Duty on Tier B stock (KSh27500): 35% duty + 18% VAT,,,,0,126,USD,Worst case
Duty on Tier C stock (KSh39500): 35% duty + 18% VAT,,,,0,180,USD,Worst case
,,,,,,
ALL-IN TOTAL (Tier A + air + duty),,,,,545,776,USD,
ALL-IN TOTAL (Tier B + air + duty),,,,,489,816,USD,
ALL-IN TOTAL (Tier C + air + duty),,,,,580,910,USD,
ALL-IN TOTAL (Tier B + bus + duty),,,,,343,473,USD,
ALL-IN TOTAL (Tier B ordered remotely no trip + duty + courier),,,,,338,378,USD,
